{
  "props": [
    {
      "name": "Black Table Font",
      "type": "color",
      "value": "#000000",
      "category": "color",
      "meta": {
        "projectId": "5GT6nVB5WgvLWb2iBXTk1E",
        "id": "9fTxjIZv1"
      }
    },
    {
      "name": "Cyan Shade",
      "type": "color",
      "value": "#15B2B8",
      "category": "color",
      "meta": {
        "projectId": "5GT6nVB5WgvLWb2iBXTk1E",
        "id": "Kr1Y7W0dV"
      }
    },
    {
      "name": "GreyShade",
      "type": "color",
      "value": "#E0E0E0",
      "category": "color",
      "meta": {
        "projectId": "5GT6nVB5WgvLWb2iBXTk1E",
        "id": "LIdMPRpET"
      }
    },
    {
      "name": "YellowMM",
      "type": "color",
      "value": "#DD751A",
      "category": "color",
      "meta": {
        "projectId": "5GT6nVB5WgvLWb2iBXTk1E",
        "id": "BrfRycmFs"
      }
    },
    {
      "name": "tabbg1",
      "type": "color",
      "value": "#E2D3D35E",
      "category": "color",
      "meta": {
        "projectId": "5GT6nVB5WgvLWb2iBXTk1E",
        "id": "h6N3z7ods"
      }
    },
    {
      "name": "tabbg2",
      "type": "color",
      "value": "#E2D3D35E",
      "category": "color",
      "meta": {
        "projectId": "5GT6nVB5WgvLWb2iBXTk1E",
        "id": "KzCOLmXf3"
      }
    },
    {
      "name": "tabbg3",
      "type": "color",
      "value": "#E8E6E6",
      "category": "color",
      "meta": {
        "projectId": "5GT6nVB5WgvLWb2iBXTk1E",
        "id": "vqUH979vi"
      }
    }
  ],
  "global": {
    "meta": {
      "source": "plasmic.app"
    }
  }
}